Asset_ID,Location,Temperature,Vibration,Last_Maintenance,Condition_Score,Resource_Utilization,Delivery_Efficiency,Downtime_Hours,Inventory_Level,Logistics_Cost,Timestamp,SupplyChain_Efficiency_Label
A0001,Lake Davidland,32.34,3.99,2023-09-28,67.39,87.04,79.99,3.22,Medium,5148.45,2024-09-13 19:31:26,0
A0002,West Andrew,25.99,0.8,2023-04-26,76.44,81.06,92.07,2.89,Low,4454.82,2023-09-17 22:20:17,1
A0003,New Kimberlyhaven,31.45,4.75,2024-12-23,61.85,79.64,88.15,1.65,High,3977.16,2024-09-08 19:32:27,1
A0004,Lake Cathyside,26.55,4.37,2024-10-22,63.6,79.88,72.63,8.07,Low,3248.65,2023-10-28 06:48:55,0
A0005,South Justin,41.66,1.43,2024-08-17,61.62,65.99,74.93,1.83,High,3121.08,2023-10-06 05:02:02,0
A0006,Ellisonton,45.53,2.01,2023-04-11,94.11,77.35,89.81,6.21,Medium,4978.57,2023-03-30 21:41:41,1
A0007,Dianamouth,22.62,3.79,2024-02-28,88.27,67.18,78.62,0.62,Low,4371.65,2024-04-28 04:45:48,0
A0008,New Dianaport,40.61,4.69,2023-01-26,70.51,62.85,95.43,3.04,High,4337.55,2023-01-23 05:43:53,0
A0009,Brianside,25.23,1.07,2024-06-05,57.14,91.77,97.9,0.77,High,4412.76,2023-11-07 19:38:15,2
A0010,Esteston,48.02,3.8,2023-10-14,59.75,70.13,79.88,6.85,Low,4316.42,2023-05-21 14:04:21,0
A0011,New Tyler,45.15,1.95,2023-02-24,53.64,69.22,88.41,5.14,Medium,4563.92,2023-12-03 17:16:09,0
A0012,Andrewstown,20.88,3.52,2024-03-21,57.43,69.74,71.11,10.0,High,5530.28,2024-04-11 01:04:02,0
A0013,Thorntonton,33.26,3.86,2023-09-08,75.31,87.65,87.53,8.11,Medium,3978.47,2024-10-30 11:24:27,1
A0014,Blackberg,24.75,1.35,2024-04-10,76.14,94.02,75.7,4.98,Medium,3154.42,2024-10-28 06:27:23,0
A0015,Smithtown,29.89,4.95,2023-01-14,69.33,82.17,77.96,6.03,High,4944.7,2023-05-03 08:17:21,0
A0016,Lake Cynthiaport,41.32,4.88,2024-08-04,73.5,78.75,90.51,4.01,Low,6999.18,2024-10-12 02:00:52,1
A0017,Ronaldhaven,37.54,1.61,2024-10-21,93.91,93.99,80.88,8.35,Low,6689.38,2024-03-19 07:27:19,1
A0018,Danielbury,21.11,4.57,2024-01-01,61.13,65.84,82.23,7.13,Low,3377.13,2023-08-21 07:27:06,0
A0019,Hernandezshire,25.33,3.52,2023-11-22,73.46,63.48,83.97,6.02,High,3924.58,2023-02-28 05:53:47,0
A0020,West Lawrence,23.44,2.61,2023-09-20,69.28,70.93,75.6,5.02,Medium,6131.88,2023-04-28 02:17:12,0
A0021,Warrenshire,36.18,4.24,2024-07-01,83.02,75.7,82.35,5.24,Low,6404.89,2023-08-26 18:19:09,1
A0022,North Dwayne,46.1,3.8,2024-10-21,70.46,74.51,75.84,8.09,Medium,3071.36,2024-01-26 08:07:40,0
A0023,Lake Williamside,22.8,2.81,2024-04-12,55.34,85.22,97.85,7.01,Medium,4229.87,2024-07-29 10:30:43,1
A0024,New Jenniferland,44.53,3.72,2023-06-02,85.12,88.07,82.8,7.76,Medium,3691.72,2023-09-05 12:57:22,1
A0025,Millertown,25.38,0.63,2024-08-29,59.9,63.86,83.76,9.62,Medium,3777.84,2024-01-17 11:54:46,0
A0026,Peterport,44.2,0.87,2024-04-08,72.27,77.42,88.8,4.26,High,5211.08,2023-07-28 19:24:44,1
A0027,New Daniel,45.09,2.72,2023-07-28,76.12,90.63,83.53,7.05,Medium,6521.35,2023-10-31 02:05:55,1
A0028,North Stephanie,20.58,2.66,2023-06-19,54.09,72.38,91.94,2.73,High,4179.57,2023-03-31 21:55:22,1
A0029,North Javierchester,44.91,4.36,2024-07-14,71.71,88.33,71.42,5.78,Low,6392.26,2024-06-18 23:06:33,0
A0030,Johnfort,30.18,0.26,2024-10-04,98.0,87.91,84.78,8.24,Low,4218.12,2024-10-18 02:02:21,1
A0031,East Katrina,32.76,4.18,2023-10-07,52.23,68.32,88.21,4.27,Medium,4259.58,2023-02-10 11:10:55,0
A0032,West John,49.76,4.87,2023-04-08,77.96,73.66,78.13,8.86,Low,6811.18,2024-05-04 14:40:28,0
A0033,Hobbsstad,35.4,2.35,2024-11-07,85.11,84.99,85.38,3.45,High,4064.5,2023-10-14 04:30:19,1
A0034,New Jameston,24.38,2.85,2023-03-25,56.59,74.48,73.21,3.76,Low,6020.19,2023-01-30 15:36:22,0
A0035,Lorishire,21.5,2.69,2023-11-05,66.37,67.76,79.16,6.51,Medium,4642.16,2024-03-08 22:26:33,0
A0036,Rayhaven,21.37,0.75,2024-07-28,69.88,64.15,76.25,8.03,High,3862.32,2023-04-18 15:42:29,0
A0037,Lake Thomas,45.1,4.6,2024-12-10,65.71,82.77,76.97,0.48,Low,3076.12,2024-11-14 12:27:32,0
A0038,New Jennifer,29.36,0.68,2024-02-21,64.72,60.92,91.95,2.06,High,5335.87,2024-01-07 09:24:22,0
A0039,Perezchester,46.21,0.61,2024-02-02,89.6,60.23,91.86,7.61,Low,6787.3,2024-08-17 17:58:46,0
A0040,Joelborough,44.97,1.39,2023-01-11,80.64,94.88,93.31,2.58,Medium,4351.51,2023-01-02 08:07:31,2
A0041,Arroyobury,22.78,0.84,2023-02-06,54.36,67.34,76.34,3.97,High,6331.1,2024-06-22 18:39:51,0
A0042,East Stevenhaven,30.58,0.61,2024-10-11,76.03,74.2,83.03,6.45,Low,6825.98,2024-06-17 00:15:04,1
A0043,East Melissa,28.13,0.59,2023-05-28,74.14,69.27,72.94,5.84,Medium,5218.93,2023-12-24 08:03:27,0
A0044,East Theresa,41.47,4.82,2024-11-05,78.59,65.42,83.41,9.1,Medium,6788.61,2023-08-02 18:30:32,0
A0045,North Michelle,40.84,0.14,2023-10-16,64.93,83.76,70.97,0.14,Low,4301.27,2024-07-21 03:23:32,0
A0046,Port Yolandaborough,48.37,3.8,2023-09-24,78.25,64.87,94.8,9.97,High,3931.67,2024-05-03 15:43:33,0
A0047,Robertchester,22.85,4.85,2023-02-11,67.75,69.65,77.1,0.34,Medium,6507.47,2024-01-06 23:41:23,0
A0048,Annehaven,41.0,0.25,2023-04-17,51.53,91.09,81.2,2.56,Low,5867.68,2024-02-27 22:24:27,1
A0049,Port Lauren,40.83,0.82,2023-07-31,60.54,89.91,76.05,8.61,Low,4597.22,2023-05-21 22:48:56,0
A0050,Edwardburgh,43.89,0.47,2024-09-19,88.67,62.85,80.84,4.55,Low,3443.09,2023-03-27 18:45:10,0
A0051,Zimmermanview,46.96,2.06,2024-02-20,84.7,66.99,85.64,4.25,Medium,6012.92,2023-04-24 02:23:21,0
A0052,Zunigabury,44.52,3.44,2024-03-14,91.46,62.69,82.73,4.27,High,6270.4,2024-02-25 01:35:25,0
A0053,Lake Chelsea,26.75,2.31,2023-03-28,51.7,70.71,72.41,1.51,Medium,4428.03,2023-04-10 09:40:24,0
A0054,North Christinahaven,33.61,1.56,2024-12-21,51.78,82.45,70.14,6.34,Medium,6520.56,2024-09-25 09:13:48,0
A0055,South Kellyport,29.11,1.28,2023-12-11,78.98,79.68,84.59,5.79,Medium,4543.66,2024-07-20 15:05:58,1
A0056,Smithtown,28.06,4.49,2023-08-12,60.24,85.8,83.65,7.34,Low,5095.46,2024-02-08 01:34:20,1
A0057,Lake Brenda,41.52,3.01,2023-10-05,54.95,88.32,76.23,8.51,Low,4649.74,2024-05-14 21:57:17,0
A0058,Morganfort,35.98,3.4,2024-02-21,74.68,85.03,72.68,4.54,Low,4344.42,2024-01-07 06:04:42,0
A0059,Mooreton,38.79,3.4,2024-10-20,94.04,78.48,94.69,4.47,Low,3283.43,2023-06-18 14:25:51,1
A0060,Dawnmouth,49.8,2.52,2023-03-24,93.52,75.6,75.11,2.2,High,6981.56,2024-05-10 08:07:09,0
A0061,East Racheltown,43.76,1.96,2023-05-15,86.85,90.43,96.56,3.61,Medium,3033.93,2023-04-08 22:34:24,1
A0062,New Natalie,47.61,0.41,2023-12-21,51.86,71.88,79.55,8.76,Low,5381.14,2024-12-27 21:00:27,0
A0063,Brianside,25.58,1.94,2024-12-03,99.78,71.42,72.99,9.93,Medium,5061.56,2023-08-03 00:53:17,0
A0064,South Blake,41.91,1.98,2024-02-11,88.28,79.74,88.52,6.07,Low,4886.77,2024-09-09 16:22:04,1
A0065,Rickyburgh,40.82,2.16,2024-12-02,87.21,61.52,89.68,1.83,Medium,4109.81,2023-03-10 11:43:14,0
A0066,South Steven,29.62,2.47,2024-07-29,69.66,80.61,94.28,2.91,High,3516.31,2023-04-07 15:55:16,1
A0067,Reedtown,25.31,0.86,2023-04-09,88.99,76.45,90.19,6.96,High,6550.58,2023-03-19 14:54:40,1
A0068,Royfort,21.64,1.86,2024-03-15,68.34,77.16,72.32,1.37,High,3401.74,2024-01-02 23:57:45,0
A0069,Patrickhaven,36.88,3.09,2023-02-28,89.07,79.82,97.87,4.55,Medium,6420.31,2024-03-03 20:46:19,1
A0070,Medinastad,34.5,4.43,2024-11-14,53.81,87.95,80.9,3.96,Low,6852.39,2024-07-06 02:18:35,1
A0071,Wagnerport,26.72,0.71,2024-06-25,67.38,67.14,70.89,4.08,Medium,3280.67,2024-07-08 18:26:45,0
A0072,Latoyaview,49.74,1.57,2024-06-25,87.21,82.34,96.69,2.05,Low,5197.93,2023-08-27 07:00:06,1
A0073,Port Nicoleside,36.74,4.32,2024-11-22,61.51,87.98,95.87,7.32,Medium,5323.49,2023-06-14 13:05:14,1
A0074,South Brittanyburgh,35.56,4.37,2024-04-25,67.83,69.7,76.04,6.25,Medium,3590.94,2023-03-05 15:21:19,0
A0075,Gonzalesside,28.16,1.12,2023-01-29,89.3,85.12,96.38,3.16,Low,5456.04,2024-09-27 00:52:53,1
A0076,Claireland,43.38,3.82,2023-05-21,94.56,81.25,71.96,8.69,Medium,6534.51,2024-05-26 19:27:52,0
A0077,Lake Jennifermouth,21.76,1.59,2024-06-23,69.97,67.28,86.41,5.43,Medium,3682.57,2024-09-15 22:25:30,0
A0078,Brownhaven,49.42,0.02,2024-04-17,83.64,94.32,73.07,8.84,Low,4518.36,2023-12-03 10:38:01,0
A0079,South Christophermouth,46.87,2.9,2023-11-01,88.4,88.94,80.67,7.4,Medium,6611.21,2024-08-31 14:46:23,1
A0080,East Melissamouth,21.8,4.78,2023-10-11,77.43,69.8,91.37,2.02,High,6741.1,2024-08-16 13:37:37,0
A0081,West Michelebury,49.83,4.89,2024-02-22,97.95,85.61,90.93,0.38,Medium,6974.58,2024-01-27 07:14:05,2
A0082,East Justinville,39.74,4.73,2023-01-16,79.0,89.85,91.25,9.81,Low,3024.49,2024-08-13 12:07:25,1
A0083,North Kristen,43.52,0.67,2023-01-18,62.65,68.22,74.47,1.48,Low,3844.8,2023-07-22 13:06:52,0
A0084,Nathanside,37.37,2.83,2023-11-28,92.82,90.3,92.38,6.71,Medium,3315.4,2023-01-14 11:12:26,1
A0085,Amyfurt,23.74,2.13,2024-01-12,84.97,91.56,93.89,8.48,Medium,4732.56,2024-02-15 06:18:40,1
A0086,East Ambershire,33.03,4.84,2023-06-05,64.54,60.8,93.28,7.28,Medium,5759.07,2023-11-27 12:31:41,0
A0087,West Kenneth,26.89,4.48,2023-03-29,75.63,63.92,83.71,0.02,Low,5328.43,2023-11-07 13:20:32,0
A0088,New Stephen,38.81,2.95,2024-03-24,64.3,62.91,72.24,6.18,Low,5942.9,2024-05-19 20:34:19,0
A0089,Ramosview,30.33,1.84,2024-05-10,91.77,72.62,94.28,5.35,High,5165.87,2024-08-31 11:38:39,1
A0090,Gordontown,22.02,2.25,2024-02-07,72.89,76.49,73.8,6.08,High,4719.88,2023-06-08 15:12:48,0
A0091,Alexanderville,21.59,2.33,2023-08-23,96.47,76.7,93.68,9.37,Low,3997.34,2023-03-31 16:34:33,1
A0092,West Shaneville,33.26,2.47,2024-05-22,67.54,94.17,88.7,8.61,High,5317.61,2024-08-17 06:58:05,1
A0093,Port Andreaview,35.39,1.16,2024-11-23,88.94,93.68,79.66,5.91,Low,4082.85,2024-12-18 20:25:33,0
A0094,Riggsberg,48.62,3.61,2023-02-19,67.51,82.08,90.68,0.39,Medium,4566.9,2024-06-30 10:17:01,1
A0095,New David,48.25,2.88,2023-12-03,88.15,62.45,89.3,3.69,Medium,6265.15,2024-09-15 23:36:27,0
A0096,Russelltown,33.67,1.09,2024-11-04,96.37,79.09,83.6,7.96,Medium,5455.79,2024-12-14 18:18:23,1
A0097,West Donald,28.2,4.79,2023-10-28,58.44,63.28,93.15,1.68,High,6087.65,2024-11-11 02:11:10,0
A0098,Lake Danielview,35.1,3.47,2024-04-03,87.44,68.23,75.93,7.62,Low,6264.11,2023-11-21 18:57:46,0
A0099,Scottberg,21.87,1.08,2023-03-09,59.59,72.87,81.28,1.7,Medium,6812.0,2023-05-11 11:47:02,1
A0100,West Kathleen,45.85,0.82,2023-07-18,52.74,80.69,90.5,0.72,Medium,4429.92,2023-11-04 10:22:11,1
A0101,East Daniellefurt,34.23,0.98,2024-02-11,58.13,82.67,70.4,0.69,Low,4713.42,2024-09-27 12:15:39,0
A0102,Lake Henrymouth,31.18,4.5,2023-05-08,54.82,75.19,96.75,4.02,Medium,4163.37,2024-05-16 11:55:17,1
A0103,Stonestad,22.73,0.19,2023-11-04,94.43,81.39,74.84,5.49,Low,4884.53,2024-05-30 01:36:20,0
A0104,East John,37.93,0.33,2024-03-07,85.15,67.61,79.53,2.08,Low,5969.11,2023-05-14 17:38:20,0
A0105,North Stephen,47.71,4.09,2024-04-28,51.52,91.07,91.79,0.05,Low,5268.56,2023-09-02 01:29:49,2
A0106,Turnerport,26.09,3.6,2023-01-03,95.48,79.49,85.82,2.85,High,3828.93,2024-11-05 10:50:44,1
A0107,East Richard,34.27,1.3,2024-02-26,54.84,75.53,73.31,3.76,Medium,3867.93,2023-04-01 18:00:14,0
A0108,Port Garymouth,32.07,3.17,2024-05-26,97.83,94.31,96.39,0.91,Low,6900.62,2023-07-11 19:16:40,2
A0109,Port Nancy,27.8,1.27,2024-06-30,73.7,61.48,97.9,0.33,High,5019.91,2023-02-24 01:07:05,0
A0110,Rebeccachester,21.56,3.1,2024-08-07,80.4,86.33,78.67,9.18,High,5920.79,2024-08-20 06:43:25,0
A0111,Tiffanyfort,33.44,0.31,2024-02-28,69.76,60.35,85.53,8.53,Medium,4404.53,2024-07-10 05:23:04,0
A0112,Houstonburgh,31.47,1.14,2024-05-17,76.2,80.48,88.63,8.99,Low,4707.26,2024-02-29 05:02:49,1
A0113,Mathisborough,47.43,4.83,2023-12-24,76.25,86.05,71.58,0.03,Medium,6011.23,2023-08-14 01:53:41,0
A0114,Bellland,26.93,2.42,2024-11-22,83.47,83.03,88.72,9.82,Low,4532.17,2024-12-08 20:29:09,1
A0115,East Michael,23.66,3.98,2024-03-31,85.29,66.96,94.36,6.23,High,6840.28,2023-02-06 02:19:53,0
A0116,North Davidville,33.32,4.07,2023-01-30,81.92,70.8,71.12,3.1,Low,3178.67,2024-11-03 05:19:39,0
A0117,Lake Steven,24.02,2.16,2024-01-07,98.37,79.15,92.31,4.4,High,5768.29,2024-02-03 22:20:39,1
A0118,Bryanview,39.83,2.87,2024-06-22,82.81,77.72,83.36,9.53,Low,3558.69,2023-12-15 08:14:02,1
A0119,East Jamesmouth,25.22,0.63,2023-04-23,64.48,81.38,81.83,5.14,Medium,6234.92,2023-03-02 23:46:10,1
A0120,Lake Amy,38.61,4.27,2023-12-09,96.08,78.12,70.87,1.88,High,4973.74,2024-07-26 20:49:07,0
A0121,Frankview,23.18,1.98,2023-08-22,89.93,74.58,96.67,6.42,Low,4596.57,2024-06-01 19:09:13,1
A0122,West Andrew,26.89,2.71,2024-11-25,60.13,93.62,86.35,1.28,Low,4885.03,2023-06-28 02:37:46,1
A0123,East Kevin,39.08,2.34,2023-02-28,83.9,93.33,90.09,1.33,Low,6673.36,2024-10-15 04:40:23,2
A0124,Onealmouth,26.05,3.15,2024-11-02,71.08,92.66,74.81,2.19,Low,6911.59,2024-02-19 21:21:28,0
A0125,South Deanna,38.88,0.6,2024-11-19,64.8,66.29,71.22,2.15,Low,4179.46,2024-05-17 17:02:45,0
A0126,Patrickberg,28.85,3.6,2024-09-20,74.0,68.88,70.31,6.28,Low,3872.44,2024-04-23 12:46:02,0
A0127,East Angelica,47.51,3.67,2024-10-17,52.89,89.34,79.48,2.47,Medium,3254.76,2024-07-01 01:12:42,0
A0128,Paulside,29.2,4.99,2023-06-10,65.05,81.18,89.77,7.67,Medium,6719.17,2023-09-14 07:36:22,1
A0129,Michaelport,31.13,1.06,2024-11-24,83.59,71.57,72.22,3.59,High,6499.38,2023-08-21 11:40:35,0
A0130,New Susan,47.26,2.49,2023-02-09,93.42,72.27,93.28,8.34,Low,6492.84,2024-10-24 00:02:24,1
A0131,Richardsview,37.91,4.81,2024-01-18,57.72,70.03,87.45,1.05,Low,5004.97,2023-01-30 08:23:56,1
A0132,New Joeport,43.0,0.31,2023-01-23,89.59,90.69,94.75,5.89,Low,5149.88,2024-12-17 07:47:30,1
A0133,Wongville,41.14,4.58,2023-11-19,57.75,66.59,94.86,3.36,Medium,3559.09,2023-05-26 21:04:35,0
A0134,West Davidfurt,43.1,1.11,2024-04-01,86.99,73.77,94.77,6.53,Low,6141.58,2024-01-13 07:46:41,1
A0135,South Angela,26.99,3.64,2023-10-18,60.45,75.05,78.15,5.26,High,6326.95,2023-07-15 23:52:52,0
A0136,Paynefurt,31.71,2.95,2024-11-20,56.37,94.96,92.39,2.98,Medium,5243.05,2024-07-11 17:12:54,2
A0137,Bethfort,39.26,0.87,2023-03-26,59.62,90.27,75.06,9.37,High,3579.55,2024-10-05 07:41:33,0
A0138,Lake Jason,39.39,2.71,2024-03-18,65.5,89.84,80.01,9.62,Low,3211.7,2023-03-14 23:23:22,1
A0139,Chavezland,32.99,1.45,2024-12-15,83.47,83.37,72.33,2.71,Medium,6668.43,2023-05-13 13:04:15,0
A0140,Lake Andrew,24.0,0.21,2023-02-14,85.39,87.11,95.67,3.76,Low,3427.82,2024-07-08 14:30:00,1
A0141,Brianside,36.42,2.35,2024-12-12,86.62,76.0,76.57,4.97,High,3737.15,2024-03-20 15:37:48,0
A0142,New Erin,20.32,1.97,2023-05-07,96.17,92.68,79.62,1.58,Low,6490.23,2024-07-02 13:37:33,0
A0143,South Tiffanyfort,33.77,4.34,2024-01-25,77.91,72.71,80.96,0.15,High,6041.11,2023-09-02 11:22:19,1
A0144,Mitchellport,21.89,1.58,2023-04-01,77.48,70.22,90.26,0.1,Low,5732.57,2024-05-03 06:25:53,1
A0145,Hudsonchester,39.73,3.92,2024-11-04,68.99,93.43,86.0,1.65,Low,4886.17,2023-03-11 09:07:15,1
A0146,Hunterstad,26.83,2.76,2024-01-22,94.82,86.0,89.39,1.88,High,6509.36,2023-02-24 14:22:11,1
A0147,Whitakerport,24.97,0.22,2024-04-17,69.96,70.55,88.77,9.98,High,6707.25,2023-12-02 23:04:08,1
A0148,Hughesport,20.45,4.47,2023-03-16,79.01,64.98,95.08,7.37,High,4571.11,2023-12-25 17:17:51,0
A0149,Port Deanna,44.16,4.43,2023-10-03,56.54,63.34,90.08,0.39,Low,3120.98,2023-07-03 23:50:45,0
A0150,Charlesstad,23.07,0.98,2023-01-16,89.26,60.57,87.44,9.26,Low,4062.14,2023-08-29 23:39:41,0
A0151,East Reneeshire,21.73,0.8,2024-11-27,76.99,61.02,73.73,6.6,Medium,4701.47,2023-05-11 02:06:36,0
A0152,Barbaraborough,29.77,0.72,2024-04-30,70.0,86.28,89.6,6.11,Medium,3590.62,2023-07-20 16:33:46,1
A0153,Port Colleenberg,48.9,3.77,2024-09-14,79.91,64.49,72.8,0.09,Medium,5110.37,2024-04-20 10:29:59,0
A0154,Robinsonland,25.02,2.4,2024-07-24,83.63,79.18,88.89,2.74,Low,5163.26,2023-05-17 21:39:18,1
A0155,North Suzanne,37.73,1.4,2024-07-14,77.51,69.68,88.03,8.41,Medium,3005.74,2024-02-10 15:04:01,0
A0156,Lake Manuelfurt,38.36,1.85,2024-03-06,64.73,63.53,87.16,9.77,Medium,6293.52,2024-09-21 21:59:36,0
A0157,East Patrick,21.09,2.41,2023-07-19,88.09,90.95,89.76,6.15,High,5888.22,2023-09-02 05:07:06,1
A0158,South Vanessaland,47.81,4.25,2024-04-23,53.97,93.62,90.74,4.24,High,6404.21,2023-08-24 05:13:07,1
A0159,Lake Ashley,42.15,3.65,2023-09-13,92.82,64.33,70.54,1.9,High,5944.28,2023-12-04 05:05:36,0
A0160,Kleinton,20.28,2.91,2024-01-23,94.61,71.16,71.29,4.24,Medium,6174.94,2024-12-21 23:06:15,0
A0161,Jenniferton,30.1,1.68,2023-12-18,68.24,91.36,76.7,3.33,High,3706.3,2023-03-11 08:02:42,0
A0162,Lake Jose,42.45,2.06,2024-05-10,76.51,67.46,84.91,5.05,Low,5274.89,2024-07-31 19:47:04,0
A0163,East Claire,48.93,4.4,2024-01-31,69.67,76.19,97.65,0.19,Low,4800.21,2024-10-01 17:48:12,1
A0164,Watsonmouth,35.99,1.43,2024-02-25,73.87,79.39,90.29,2.45,High,4596.07,2023-11-17 08:47:14,1
A0165,Lake Bryan,32.89,3.66,2023-03-06,90.68,72.05,91.55,1.23,Medium,6045.61,2024-11-30 17:08:13,1
A0166,Michaelton,47.45,0.93,2023-04-30,60.66,80.2,93.56,1.68,High,3587.53,2023-07-24 21:48:57,1
A0167,Port Calebmouth,43.8,0.93,2024-04-24,94.04,62.71,77.62,2.98,Medium,5350.55,2023-11-04 15:15:24,0
A0168,Wrighthaven,42.03,2.14,2023-02-28,67.58,82.77,86.71,1.83,Low,4731.08,2024-03-30 04:08:24,1
A0169,Lake Jamesport,23.95,0.6,2024-02-16,70.33,68.31,80.72,0.21,High,4646.3,2024-06-24 11:26:27,0
A0170,North Sandra,41.12,0.98,2024-02-16,68.05,88.99,83.11,7.1,High,3411.11,2023-05-01 22:11:42,1
A0171,Garzaport,39.44,4.77,2023-06-10,54.71,82.21,82.67,4.15,Low,4750.01,2024-04-17 22:46:53,1
A0172,Lake Paulton,24.2,1.93,2024-09-28,60.89,68.57,79.56,1.93,Medium,6394.89,2023-08-22 21:22:14,0
A0173,New Jonathan,28.69,1.4,2024-10-20,57.06,72.13,92.41,2.54,Low,6755.59,2023-09-03 03:25:23,1
A0174,Briggstown,38.1,3.28,2024-08-31,95.4,79.98,75.8,7.22,Low,3468.8,2023-03-07 08:17:20,0
A0175,West Lynnland,29.36,3.6,2024-01-07,85.75,62.46,78.57,0.34,High,4686.6,2023-05-26 21:11:41,0
A0176,Gonzalezton,44.16,3.05,2024-08-28,91.52,84.67,95.73,3.91,High,3343.48,2024-06-30 23:07:39,1
A0177,New Caroltown,38.68,0.54,2023-03-07,68.6,64.74,93.76,5.99,High,6738.71,2024-03-23 13:27:25,0
A0178,Romerostad,46.95,0.69,2023-06-07,52.6,90.85,88.96,6.29,Low,6781.0,2023-12-17 08:26:30,1
A0179,Nicolefort,34.55,3.26,2024-10-01,53.87,90.1,77.54,0.9,High,4249.15,2023-12-04 11:03:18,0
A0180,Randallville,48.8,2.75,2023-01-07,90.0,76.23,88.25,2.44,Medium,3592.28,2023-02-20 15:34:37,1
A0181,Jessicachester,34.28,4.85,2023-11-02,52.4,61.0,88.63,4.67,Low,4298.12,2023-12-15 09:25:01,0
A0182,New Darlene,28.55,1.67,2023-05-14,95.58,78.5,85.83,5.89,High,4481.66,2023-12-28 05:53:29,1
A0183,Allenhaven,20.22,1.58,2023-06-25,86.42,66.29,89.65,0.7,High,3305.72,2023-01-22 22:40:03,0
A0184,Jessicaborough,25.96,2.83,2023-12-10,54.73,61.29,75.82,6.26,High,6504.58,2023-11-28 10:14:25,0
A0185,South Julia,43.68,0.78,2024-10-30,77.86,67.89,94.19,9.43,High,5099.52,2023-11-09 10:25:22,0
A0186,Teresafort,33.59,2.47,2024-12-08,72.17,78.06,75.52,0.12,Medium,4395.63,2024-10-30 18:34:05,0
A0187,North Alexis,33.46,0.54,2024-07-19,87.99,66.08,93.43,9.69,High,4501.46,2024-02-03 01:05:49,0
A0188,East Davidtown,41.28,0.12,2024-02-11,77.21,61.1,84.57,3.91,Medium,5159.8,2024-12-30 08:51:57,0
A0189,Jacobside,24.35,2.81,2024-12-26,67.47,87.62,77.02,8.83,Low,5507.81,2024-10-19 21:41:13,0
A0190,Vickiechester,45.28,3.52,2024-04-14,95.78,78.99,87.16,4.84,Low,3642.39,2023-01-06 13:22:14,1
A0191,West Aprilberg,35.91,3.61,2023-12-10,67.13,79.24,91.48,9.7,Medium,3249.52,2023-12-11 00:29:48,1
A0192,West Sara,34.59,0.55,2023-07-11,68.65,82.1,71.04,3.92,Medium,3342.56,2023-03-20 08:24:23,0
A0193,Snyderstad,20.4,2.39,2023-11-22,50.02,64.56,74.5,1.33,Medium,6383.47,2024-10-15 00:50:24,0
A0194,East Darren,43.32,3.73,2024-09-05,69.27,63.61,81.13,5.61,Medium,4699.39,2023-08-05 10:50:23,0
A0195,Dakotaport,36.26,2.85,2023-09-22,99.03,60.09,80.53,3.57,High,3752.65,2024-10-16 03:08:09,0
A0196,Jessetown,34.41,3.31,2023-07-29,88.76,67.5,78.81,8.42,High,6748.53,2023-01-19 17:43:41,0
A0197,Mcfarlandstad,47.08,4.4,2023-06-28,57.79,75.68,75.02,0.72,Low,4022.52,2023-12-26 15:19:26,0
A0198,Lancetown,28.81,3.6,2023-07-07,81.02,86.65,82.34,5.05,Medium,3779.36,2024-09-23 03:44:09,1
A0199,Justinfort,42.52,2.53,2023-04-06,53.85,76.56,81.55,2.54,Medium,4149.2,2023-01-29 06:30:11,1
A0200,North Tara,44.81,2.76,2024-04-19,69.84,64.73,86.18,3.73,Medium,5921.41,2023-12-22 18:59:22,0
A0201,East Martha,27.26,1.73,2024-07-09,67.03,86.31,97.39,2.71,Medium,6920.23,2023-04-11 15:10:22,2
A0202,South Rachel,29.65,4.23,2024-04-07,66.95,84.46,78.18,8.22,High,6787.88,2024-12-14 19:26:51,0
A0203,North Elizabethton,32.48,2.12,2023-07-13,66.95,64.95,86.97,4.37,Medium,5748.35,2024-01-02 00:03:42,0
A0204,North Karenview,25.02,1.7,2024-03-27,75.42,73.14,84.81,0.57,Low,4811.08,2024-10-21 07:01:17,1
A0205,Rickyberg,29.94,4.99,2023-05-22,61.32,66.82,89.43,0.89,Medium,5270.54,2023-10-02 21:13:52,0
A0206,Port Maryberg,37.27,4.1,2023-12-14,95.29,88.06,72.76,2.12,High,3368.74,2024-10-25 13:44:52,0
A0207,Port Jacob,40.4,0.11,2024-10-04,75.84,69.38,75.06,7.14,Medium,6290.07,2023-01-20 22:02:02,0
A0208,Amychester,28.32,2.26,2024-05-22,71.87,72.49,90.55,9.85,High,4293.72,2023-02-19 02:56:07,1
A0209,Port Mason,48.21,0.14,2024-09-30,86.89,66.34,80.19,5.32,High,6545.22,2023-09-09 10:12:19,0
A0210,South Cindyhaven,33.31,0.64,2023-05-03,83.48,82.21,71.1,6.67,Low,4189.64,2023-08-19 14:09:33,0
A0211,Jordanfurt,27.75,4.76,2024-08-04,62.99,67.68,74.52,9.54,High,5397.85,2023-06-12 10:39:22,0
A0212,Patrickton,25.95,4.56,2023-06-15,97.55,75.3,93.45,6.02,Medium,5199.52,2024-04-22 00:56:26,1
A0213,Raychester,23.99,3.0,2024-05-31,62.62,66.35,77.44,8.02,Medium,5212.28,2023-05-29 12:53:57,0
A0214,Brandonville,47.43,0.63,2023-06-15,68.04,88.35,75.19,3.69,Medium,6108.45,2024-08-28 07:45:14,0
A0215,South Ericton,20.15,1.58,2024-04-13,77.55,90.06,75.34,5.31,High,6925.79,2023-05-31 23:53:47,0
A0216,Charlesburgh,34.16,3.38,2023-02-23,95.18,77.61,87.64,2.89,Low,4050.05,2023-10-12 22:35:40,1
A0217,Williamshire,21.46,3.29,2024-05-30,62.3,62.64,95.53,9.82,Medium,3445.28,2024-03-10 04:36:29,0
A0218,Nelsonburgh,38.79,0.82,2024-05-09,61.51,69.76,76.82,8.16,Medium,4188.89,2023-12-13 04:57:19,0
A0219,South Nicole,39.17,1.42,2024-09-05,53.19,69.57,95.99,7.72,High,5046.78,2024-10-06 22:40:30,0
A0220,East Jamiechester,21.17,1.31,2024-04-23,79.19,77.09,79.82,8.92,Medium,3607.19,2024-12-12 22:31:46,0
A0221,Jakeberg,30.04,0.02,2023-12-21,69.17,82.52,94.88,6.03,Low,3679.7,2023-04-14 21:01:35,1
A0222,New Wendyport,38.21,4.11,2024-10-08,94.72,82.7,79.2,8.81,Medium,6000.03,2024-02-16 19:17:33,0
A0223,Porterland,39.15,2.2,2024-01-28,80.45,93.64,72.6,1.57,Low,3566.14,2024-08-17 20:59:04,0
A0224,Robertton,49.77,2.38,2024-04-03,52.38,77.93,88.78,7.22,Low,4602.43,2024-04-14 20:01:01,1
A0225,Jacquelineshire,21.27,4.94,2023-05-22,65.93,84.99,88.12,0.3,Low,3136.92,2023-11-01 04:09:40,1
A0226,Hannahborough,48.41,2.53,2023-05-19,81.18,90.22,70.11,3.41,Low,4787.89,2023-01-22 08:18:42,0
A0227,Darrenborough,42.43,3.75,2024-12-29,86.24,72.07,96.28,9.81,Medium,4207.16,2023-10-05 02:10:40,1
A0228,Johnsontown,38.92,3.99,2024-03-30,94.52,79.89,87.04,8.9,Medium,6871.06,2023-10-15 22:37:06,1
A0229,Beckershire,44.33,4.62,2023-12-10,87.84,80.8,82.87,6.72,High,5608.69,2023-01-09 16:11:42,1
A0230,Port Steven,30.5,0.7,2023-10-22,57.09,75.05,72.77,2.99,High,4878.48,2023-12-20 21:16:29,0
A0231,Edwardsview,35.93,2.66,2024-06-25,97.33,92.09,94.2,7.78,High,5271.97,2023-07-22 10:29:54,1
A0232,Port Jefferymouth,33.36,1.39,2023-02-14,50.71,74.31,86.22,9.45,Medium,6836.63,2023-05-02 08:40:18,1
A0233,Youngview,46.44,0.52,2023-01-22,80.33,94.48,70.41,7.43,High,5410.83,2024-04-06 23:51:44,0
A0234,Port Andreamouth,25.06,2.34,2023-11-27,74.22,71.98,83.28,7.89,Medium,4209.48,2024-05-16 04:11:05,1
A0235,New Bethanyville,23.47,2.8,2024-06-09,84.73,60.11,80.64,6.85,Medium,5602.51,2023-07-18 04:05:15,0
A0236,South Aaronberg,41.47,3.08,2024-03-30,79.84,76.2,97.98,9.96,High,3626.08,2023-05-11 06:13:14,1
A0237,East Rachel,23.26,0.52,2023-11-12,55.18,91.19,73.81,8.72,Medium,6822.77,2024-05-10 03:49:19,0
A0238,Mooreburgh,44.97,1.03,2023-08-22,94.54,91.91,80.17,0.99,Low,5338.06,2023-06-05 19:17:48,1
A0239,Amyburgh,27.25,3.44,2024-11-14,84.27,80.24,87.43,8.78,High,6841.67,2023-08-18 00:28:38,1
A0240,Pittmanburgh,41.25,3.74,2023-12-13,57.3,76.37,83.22,7.45,High,4438.14,2024-08-23 09:42:12,1
A0241,West Arthurport,45.23,0.73,2023-08-05,91.69,72.91,85.32,9.87,High,5716.67,2023-04-09 06:09:58,1
A0242,Port Christine,48.15,2.64,2023-04-30,71.16,88.59,80.46,8.3,High,6737.79,2023-11-01 20:19:19,1
A0243,South Keith,27.68,4.52,2023-02-08,68.02,92.77,92.38,9.08,Low,4561.91,2023-10-24 02:23:41,1
A0244,Stevenhaven,36.27,1.85,2023-11-06,76.14,85.66,91.43,3.8,High,3724.77,2024-05-04 05:56:07,1
A0245,Hernandezshire,42.26,0.76,2023-01-31,81.78,79.63,81.25,3.21,Medium,3365.47,2023-06-15 00:43:16,1
A0246,East Douglastown,43.87,3.41,2023-12-24,91.96,88.2,82.09,9.94,Medium,6273.75,2023-01-10 03:26:45,1
A0247,East Scott,46.8,2.54,2024-06-10,81.16,63.33,97.44,4.09,High,6496.81,2024-01-07 03:56:29,0
A0248,West Karen,37.87,3.65,2023-03-08,87.13,73.01,95.71,9.3,High,6996.98,2024-03-20 12:31:28,1
A0249,Leeland,42.45,1.18,2023-04-20,76.43,94.45,88.52,6.34,Low,3191.57,2023-10-29 18:04:15,1
A0250,East Marissahaven,36.71,4.83,2024-10-23,50.16,61.33,72.13,8.99,Medium,4648.53,2023-09-14 05:00:43,0
A0251,Melaniefort,36.33,0.41,2024-09-14,83.79,76.03,91.33,4.93,High,5650.77,2024-10-21 17:54:27,1
A0252,West Mariafort,38.85,3.34,2024-11-18,88.52,93.5,95.95,6.28,High,5254.88,2024-04-27 22:27:36,1
A0253,North Nina,32.74,4.45,2023-01-05,62.03,83.02,81.42,4.35,Medium,3849.9,2023-02-18 20:17:40,1
A0254,North Gregory,26.71,0.72,2023-09-28,78.16,91.64,70.29,4.76,High,4265.62,2023-11-23 18:59:09,0
A0255,Laurenstad,24.67,4.51,2024-12-04,88.06,61.99,87.55,2.61,High,6909.33,2024-10-06 05:50:17,0
A0256,Jodimouth,33.47,3.53,2023-11-27,95.58,93.11,81.54,3.9,Medium,4233.03,2024-06-09 08:05:44,1
A0257,Steventon,29.0,4.89,2024-02-20,93.82,84.08,87.57,3.14,Medium,6372.38,2024-12-17 20:06:17,1
A0258,Port Nicholas,40.07,0.56,2023-01-19,88.59,79.82,79.17,3.69,Low,6923.57,2023-04-15 08:56:27,0
A0259,North Andreastad,46.83,3.04,2024-05-07,71.28,76.66,88.06,8.24,Low,4560.34,2024-06-02 03:34:15,1
A0260,South Jackie,35.3,4.0,2024-03-10,89.11,84.98,71.91,5.21,Low,5016.01,2023-09-02 15:48:06,0
A0261,Robertville,38.38,0.11,2023-08-28,84.42,69.52,92.8,8.48,Medium,4315.81,2023-08-23 00:39:00,0
A0262,North Christopher,22.73,0.5,2024-12-28,91.91,63.57,77.51,5.36,Medium,4684.47,2024-04-07 13:53:59,0
A0263,Clarkton,27.94,2.54,2023-12-19,69.87,90.7,90.31,8.03,Low,5595.53,2023-01-29 06:36:49,1
A0264,Heatherchester,47.01,3.7,2023-09-09,94.75,63.28,70.65,4.12,Low,5680.07,2024-04-24 06:27:27,0
A0265,Gomezberg,38.61,3.84,2024-06-21,53.35,85.44,72.07,3.0,Medium,3941.7,2024-12-07 02:54:26,0
A0266,Wrightberg,21.69,1.91,2023-03-10,88.86,81.84,92.24,6.23,Medium,5672.87,2023-05-08 07:41:10,1
A0267,North Gracehaven,46.45,1.73,2024-03-05,57.36,62.35,97.18,2.61,Low,6420.92,2024-10-26 01:03:13,0
A0268,Hayesburgh,40.55,2.99,2023-11-18,62.21,70.32,88.45,9.45,Medium,4902.79,2023-06-08 22:26:18,1
A0269,Lake Elizabeth,34.0,3.46,2024-11-13,93.48,69.5,89.05,6.16,High,4943.43,2024-01-23 17:58:31,0
A0270,Jefferyfurt,33.7,4.19,2024-10-10,54.87,79.26,81.3,7.28,Low,3323.11,2023-07-15 15:47:50,1
A0271,New Jennifer,25.63,1.28,2024-09-26,96.83,77.81,81.53,4.93,Medium,3937.97,2024-08-07 19:40:33,1
A0272,Brandyhaven,22.12,1.82,2023-03-06,91.73,89.73,94.18,7.84,Medium,4364.25,2023-03-14 05:56:44,1
A0273,South Lisamouth,26.21,2.06,2023-09-22,79.56,73.63,70.4,4.66,Low,4767.0,2024-06-05 17:26:03,0
A0274,East Charles,43.29,4.89,2024-12-20,71.45,75.44,71.77,9.55,High,3363.67,2024-11-16 23:22:16,0
A0275,East Miguelstad,26.21,4.81,2024-04-26,64.01,65.29,77.23,0.61,High,3568.46,2024-06-20 22:40:30,0
A0276,Yodertown,48.13,2.54,2023-11-01,86.66,93.12,89.05,1.65,Medium,4710.4,2023-06-17 22:55:47,1
A0277,South Lawrence,43.49,4.48,2024-01-08,99.97,85.93,75.56,2.18,High,6246.54,2023-12-30 13:11:53,0
A0278,Michaelmouth,32.2,0.15,2024-11-19,78.01,62.77,78.86,3.63,Low,4976.94,2023-04-09 14:37:50,0
A0279,Ellisberg,38.82,1.77,2024-01-31,51.62,78.87,88.43,2.47,Low,5102.07,2024-07-31 17:56:14,1
A0280,Davisville,36.45,4.81,2024-05-19,88.96,73.2,74.66,0.28,Medium,6697.78,2024-01-23 08:52:17,0
A0281,Obrienmouth,22.7,3.38,2024-05-06,57.69,60.03,78.62,7.42,Low,3676.39,2024-04-12 05:54:19,0
A0282,New Markberg,42.56,1.11,2024-02-11,58.02,82.97,73.0,6.03,Low,4761.35,2024-04-16 03:15:13,0
A0283,Autumnside,30.61,3.65,2024-02-24,68.5,72.11,78.75,5.4,Low,5491.71,2024-02-20 16:29:30,0
A0284,Davidbury,35.05,1.69,2024-02-21,92.01,94.28,86.7,7.99,Low,6194.75,2024-11-02 08:36:08,1
A0285,Tinaview,25.25,3.62,2024-03-18,96.36,93.09,79.08,8.17,Medium,6889.41,2024-02-24 21:19:48,0
A0286,West Andrewburgh,47.97,1.24,2023-02-03,74.28,84.84,70.26,2.03,Medium,4524.86,2023-10-24 04:21:29,0
A0287,Lowefurt,49.4,3.13,2023-03-15,88.9,72.79,85.12,8.05,Medium,4732.38,2023-10-09 10:22:02,1
A0288,Johnberg,45.68,2.97,2024-02-28,70.54,83.41,79.88,8.75,High,3422.68,2023-02-03 14:30:20,0
A0289,Reidberg,20.65,1.37,2024-05-30,93.37,84.43,85.49,5.26,Medium,6219.07,2023-12-24 16:16:39,1
A0290,Mirandachester,33.82,4.62,2024-05-28,82.9,66.28,82.04,0.11,High,3870.79,2023-02-17 03:20:11,0
A0291,Lake Susanfort,20.3,4.99,2023-01-05,73.2,73.69,92.17,6.94,High,4658.09,2023-10-27 21:23:02,1
A0292,Brianville,21.3,2.74,2024-01-26,78.96,90.24,95.78,3.38,Low,6015.46,2024-07-01 04:53:34,1
A0293,East Tamarabury,26.44,3.79,2023-06-12,69.28,77.78,95.92,5.36,Medium,4215.7,2023-02-26 08:27:32,1
A0294,West Paula,30.4,2.99,2023-01-02,83.25,87.32,83.55,7.69,High,4579.03,2024-09-25 18:47:59,1
A0295,Cherylmouth,21.56,0.59,2023-11-19,59.19,66.98,85.46,1.49,Medium,4123.04,2024-01-01 16:08:47,0
A0296,Joneston,34.41,0.65,2024-01-03,75.53,83.07,70.19,1.56,High,4927.18,2024-06-25 00:33:31,0
A0297,Mcintoshville,26.35,1.73,2024-02-04,99.43,78.16,70.16,0.67,Low,3585.97,2023-10-29 10:17:17,0
A0298,West Samuelborough,46.91,1.96,2023-12-04,89.8,79.83,81.84,1.01,High,6224.94,2023-03-29 10:41:53,1
A0299,Clarkland,46.03,0.05,2024-08-12,69.97,64.05,71.36,0.2,Low,3392.54,2023-12-31 03:44:49,0
A0300,Terrymouth,40.96,1.38,2024-10-23,79.6,91.08,84.9,3.61,Low,4576.58,2024-07-27 16:21:15,1
A0301,West Regina,40.4,0.49,2024-10-13,80.64,82.21,96.26,7.63,Low,4259.42,2024-07-03 14:43:04,1
A0302,Larrytown,39.94,0.37,2023-08-20,96.06,73.63,87.49,5.34,Medium,3409.11,2024-06-10 05:59:04,1
A0303,Lake Jeremyton,30.33,0.54,2024-03-16,72.22,77.19,97.09,5.6,Low,5242.98,2024-08-03 21:39:46,1
A0304,South Wesley,33.2,0.52,2023-06-01,85.63,60.01,90.62,0.05,High,3452.87,2024-06-21 12:59:14,0
A0305,Eatonburgh,33.18,1.84,2023-10-12,54.49,86.52,81.31,9.79,Low,4651.35,2024-05-22 07:14:40,1
A0306,Joshuamouth,47.91,4.55,2024-04-18,73.14,89.47,70.23,0.93,Medium,3005.43,2024-08-16 13:05:33,0
A0307,East Tami,37.67,4.14,2023-08-13,59.77,88.41,79.12,8.48,Low,3072.92,2023-08-26 01:24:02,0
A0308,Leonardshire,45.53,4.54,2024-12-02,90.53,80.53,80.65,5.9,High,6864.42,2024-10-23 15:21:37,1
A0309,Port Brandonberg,38.27,4.4,2023-01-14,69.66,67.74,70.35,2.75,High,3956.48,2024-01-13 04:38:47,0
A0310,Greenebury,36.92,0.74,2023-04-04,76.59,90.66,84.6,0.11,Medium,5464.29,2023-05-31 10:40:06,1
A0311,Victorchester,41.92,0.71,2024-09-01,76.28,82.42,81.75,1.1,High,6132.44,2024-09-15 04:25:20,1
A0312,Reevesshire,39.56,2.2,2023-09-17,66.37,85.98,70.02,4.95,Medium,3822.78,2024-03-15 06:20:17,0
A0313,Lanemouth,28.0,2.23,2024-07-21,78.73,80.58,81.43,0.15,High,5225.52,2023-04-10 09:35:42,1
A0314,Lake Tammy,26.5,4.15,2024-03-29,55.77,77.88,91.89,5.06,High,6334.82,2023-09-04 07:15:06,1
A0315,Timothyland,30.88,4.71,2023-02-09,63.21,82.53,89.71,7.0,Low,3377.8,2024-04-22 14:47:26,1
A0316,South Rachel,21.57,3.94,2023-01-21,83.65,82.34,76.76,6.6,Medium,6672.72,2023-03-27 11:13:34,0
A0317,Pearsonchester,44.6,4.05,2023-07-02,74.78,73.96,89.06,7.55,High,4974.15,2024-03-18 13:15:23,1
A0318,North Philip,22.04,4.84,2023-01-18,68.89,92.47,83.44,0.17,Medium,6701.76,2024-03-18 14:37:25,1
A0319,Alexisstad,21.46,0.72,2023-02-22,70.84,61.04,89.21,8.35,Low,6032.26,2023-05-17 22:21:10,0
A0320,Port Frankview,34.24,2.3,2024-02-08,70.27,62.24,91.26,4.92,Low,6063.37,2024-12-03 08:28:30,0
A0321,Lake Anthonyborough,42.29,3.69,2024-06-19,86.58,69.28,84.66,8.02,High,5486.11,2024-05-25 04:27:49,0
A0322,New David,22.15,4.04,2023-10-11,97.54,70.32,85.06,9.93,Low,4437.24,2023-10-19 15:12:09,1
A0323,Patrickbury,25.83,1.46,2023-02-25,62.01,72.21,81.02,5.31,Medium,4505.5,2024-06-20 17:01:40,1
A0324,North Elizabethland,46.86,0.32,2024-01-11,62.22,64.49,82.48,9.15,Low,6981.13,2023-07-08 14:17:16,0
A0325,Haynesville,47.88,1.84,2023-12-23,95.57,86.8,83.77,1.63,Medium,3081.76,2023-06-29 00:19:43,1
A0326,New Anthonyshire,35.12,1.13,2023-07-11,54.48,66.97,93.99,4.35,Medium,4243.83,2023-04-16 04:13:40,0
A0327,North Charlesfurt,37.12,0.96,2023-05-20,53.39,70.38,91.87,7.95,Medium,3576.24,2023-07-02 21:25:19,1
A0328,Kaneborough,25.95,2.91,2023-04-07,74.24,82.35,75.71,4.73,Medium,4041.96,2023-01-13 03:21:33,0
A0329,Thorntonhaven,48.81,2.32,2024-08-26,50.02,64.56,83.35,0.35,Low,4300.78,2024-06-13 10:01:28,0
A0330,Johnsonland,35.49,3.47,2023-10-29,92.18,93.42,83.51,7.48,Low,3000.76,2024-04-07 04:20:32,1
A0331,Kristinaside,44.72,2.29,2024-03-15,53.18,75.94,82.15,8.94,Low,3656.75,2024-10-06 01:08:23,1
A0332,Simpsonton,42.83,4.74,2024-07-12,65.0,82.5,74.87,2.73,Low,6327.28,2024-06-15 04:38:14,0
A0333,Williamsstad,40.29,1.19,2024-04-17,75.57,76.07,96.88,7.42,Low,6071.21,2024-08-10 05:46:12,1
A0334,Port Meganstad,35.96,2.34,2024-04-11,91.4,62.49,97.5,8.86,Low,3678.14,2024-01-30 00:48:38,0
A0335,Leahfurt,26.11,4.28,2023-08-13,93.86,63.89,88.61,8.11,Medium,4439.51,2024-04-09 12:04:38,0
A0336,Simpsonburgh,32.61,2.29,2024-02-16,72.81,91.19,93.39,6.75,High,6381.46,2024-03-27 10:46:04,1
A0337,Port Maria,26.69,0.88,2024-10-04,53.66,87.19,80.4,4.72,Medium,3880.25,2023-06-23 09:53:51,1
A0338,Monicastad,33.75,0.0,2024-03-03,92.31,65.9,81.01,9.24,Low,3066.12,2023-11-24 01:37:25,0
A0339,West Crystal,28.76,1.86,2023-06-28,73.48,81.52,75.96,3.13,Medium,6726.69,2024-11-11 17:02:39,0
A0340,Mcdonaldside,24.45,4.21,2024-07-13,83.99,81.89,76.36,0.58,High,4083.78,2024-05-16 04:20:40,0
A0341,Port Sandraport,24.61,4.31,2024-12-01,88.76,85.5,95.78,3.95,Low,4123.3,2023-02-26 06:28:10,1
A0342,East Jeff,28.33,2.71,2024-07-24,83.88,72.56,82.57,1.58,Medium,4953.23,2023-04-23 20:35:12,1
A0343,Wigginsport,32.44,1.83,2024-12-03,51.45,68.68,72.92,3.34,Low,4356.42,2024-04-24 14:22:01,0
A0344,Crystalport,32.72,1.24,2023-11-09,63.22,68.88,92.9,3.65,Low,6186.58,2023-12-01 16:05:36,0
A0345,Tonyaton,46.16,1.43,2023-03-24,51.03,71.57,86.57,5.74,Medium,3185.79,2023-12-26 02:59:55,1
A0346,Samanthashire,46.89,4.08,2024-06-04,52.83,70.26,88.73,3.83,Medium,4588.09,2024-01-11 16:39:32,1
A0347,Davidtown,32.03,1.22,2024-02-06,53.92,64.23,72.31,7.6,High,6750.43,2023-10-19 08:17:36,0
A0348,North Nancy,38.35,0.04,2023-03-17,82.47,85.66,76.51,2.46,Low,6837.29,2024-11-21 08:31:51,0
A0349,Langfort,26.29,4.23,2024-08-30,62.14,78.51,74.68,5.15,Medium,4742.74,2024-07-12 14:18:48,0
A0350,South Kevin,39.36,3.51,2024-01-07,60.33,82.58,91.76,2.6,Medium,3505.24,2023-05-10 04:14:15,1
A0351,North Diana,32.89,3.29,2024-12-08,56.91,90.97,77.9,5.43,High,3303.36,2024-08-23 03:08:29,0
A0352,Port Joshua,23.33,0.74,2023-02-05,61.74,70.92,95.93,5.81,Low,4223.24,2023-08-07 05:41:45,1
A0353,Jacobsmouth,36.33,4.73,2023-12-30,67.97,69.31,86.56,0.11,Low,4581.05,2023-06-07 01:25:02,0
A0354,Freemanchester,42.16,1.56,2024-03-25,61.09,89.0,88.05,7.44,Low,6100.99,2023-11-13 05:29:04,1
A0355,Monicaview,20.76,0.93,2023-08-01,55.5,89.12,86.3,0.79,High,3340.84,2024-02-12 23:05:37,1
A0356,Port Kelsey,28.57,3.94,2024-11-15,76.12,78.98,95.56,5.29,Medium,4122.56,2024-12-26 07:41:41,1
A0357,Ianbury,49.77,3.15,2024-10-03,90.69,69.67,75.63,6.56,Medium,4925.54,2024-11-25 17:39:03,0
A0358,Haydenberg,26.79,4.33,2024-12-09,66.32,84.3,85.69,5.82,High,3408.81,2024-10-04 21:24:20,1
A0359,Carrollbury,40.68,2.6,2023-04-20,90.86,78.73,84.73,6.65,Medium,6029.68,2024-01-12 06:33:47,1
A0360,Johnchester,43.76,0.04,2024-08-12,72.77,94.86,91.78,7.78,High,4015.73,2024-05-19 05:03:28,1
A0361,South Baileyside,38.47,4.33,2024-06-20,70.56,94.76,78.76,2.18,Medium,4992.0,2024-10-26 14:38:36,0
A0362,Chadtown,29.21,1.47,2023-03-02,68.14,86.63,81.95,4.18,Medium,3483.83,2024-04-29 02:38:42,1
A0363,Port Peter,37.72,0.21,2024-10-30,84.02,60.17,73.36,6.31,Medium,6898.27,2023-10-23 02:03:30,0
A0364,New Bradleyborough,23.56,4.92,2023-02-23,62.1,67.86,72.93,3.65,Low,4602.64,2024-08-15 08:14:07,0
A0365,New Francisco,38.89,1.19,2023-01-23,71.07,80.52,95.92,3.05,Medium,4284.5,2024-09-18 22:08:31,1
A0366,New Christophershire,23.01,4.24,2024-05-01,74.31,74.93,91.86,5.41,Medium,6299.46,2023-01-15 16:13:43,1
A0367,East Kellyfurt,31.52,1.76,2024-04-29,83.93,70.69,89.3,1.55,High,4043.48,2024-05-20 11:22:01,1
A0368,Julieland,24.72,4.62,2023-02-24,63.63,77.94,93.01,9.37,High,6562.38,2024-06-25 13:34:12,1
A0369,Henryshire,38.07,2.39,2023-06-20,80.59,89.49,84.55,8.76,High,6725.52,2024-05-16 12:31:18,1
A0370,Lake Danny,46.95,4.7,2024-06-01,87.23,67.12,91.64,8.29,Low,3373.83,2023-06-10 07:52:14,0
A0371,Lake Dorothy,36.24,3.01,2023-12-25,97.82,79.3,71.16,7.53,Low,3113.19,2023-03-01 23:08:52,0
A0372,North Lydia,24.4,2.12,2024-03-28,58.5,80.79,71.73,7.11,Low,6875.12,2024-02-27 13:03:22,0
A0373,North Benjamin,44.21,4.46,2023-04-07,54.59,78.5,83.83,4.13,Medium,6108.06,2023-12-03 01:52:58,1
A0374,Wilsonville,24.35,1.58,2023-06-04,76.67,92.47,96.0,9.77,Low,4477.45,2024-01-30 18:20:34,1
A0375,West James,32.25,4.73,2023-10-21,99.88,67.45,87.39,5.6,High,5433.83,2023-05-25 14:22:35,0
A0376,West Rebeccaview,43.32,4.21,2023-01-17,86.08,61.91,71.63,2.66,High,3104.49,2023-03-23 07:00:17,0
A0377,North Robertberg,21.45,3.65,2023-08-15,99.69,62.16,81.11,2.66,Medium,4995.35,2024-05-19 13:27:08,0
A0378,Sherrytown,26.48,1.06,2024-09-17,95.42,70.83,95.32,1.73,High,3206.92,2023-11-04 12:06:30,1
A0379,New Manuel,46.34,3.96,2023-01-30,87.15,63.78,86.74,3.18,Low,4464.6,2024-07-01 03:27:29,0
A0380,West Bradfort,40.49,1.17,2024-12-15,68.1,92.63,89.22,6.08,Medium,4064.55,2023-08-02 03:57:32,1
A0381,Brownview,34.56,2.63,2023-02-17,69.28,84.32,83.6,6.86,High,4740.57,2024-10-17 08:05:23,1
A0382,Levyton,46.8,1.55,2024-03-11,58.28,93.23,71.79,6.92,Low,5587.45,2024-05-10 23:08:53,0
A0383,Lindseyborough,26.33,1.46,2024-04-14,60.48,78.99,87.87,7.93,Medium,5019.0,2024-07-07 12:25:04,1
A0384,New Kenneth,32.4,1.26,2024-06-10,81.05,87.39,89.29,6.45,Low,5366.76,2023-10-08 14:48:04,1
A0385,North Davidhaven,23.28,1.23,2023-01-26,89.27,87.85,91.01,1.83,High,5361.9,2024-05-24 03:14:58,2
A0386,Laurenfurt,49.88,1.25,2024-07-22,87.1,66.8,93.65,3.48,Low,6135.99,2024-11-09 21:36:28,0
A0387,Davisfurt,20.14,3.34,2024-10-02,84.06,79.07,90.47,3.37,Low,5035.14,2023-03-09 19:26:21,1
A0388,Chasetown,38.57,1.34,2023-09-02,82.1,79.64,72.69,1.91,High,6746.31,2024-12-27 13:29:37,0
A0389,West Leslie,29.96,4.54,2024-04-04,72.26,66.05,77.32,9.15,High,6859.4,2023-08-17 07:56:08,0
A0390,New Reginatown,33.45,0.34,2024-04-15,84.41,74.81,82.87,0.56,Low,3027.88,2024-01-26 12:46:14,1
A0391,Brittanyborough,25.38,2.7,2024-09-25,58.02,90.17,92.12,9.13,High,4386.42,2023-12-23 00:06:11,1
A0392,Amandafurt,38.2,4.34,2024-10-09,56.95,72.64,88.61,2.49,High,5935.75,2024-01-31 21:24:38,1
A0393,Lake Samanthabury,26.71,1.42,2023-06-19,90.01,61.24,81.89,1.27,Medium,6147.7,2023-08-29 15:41:32,0
A0394,Patriciafort,46.44,4.16,2023-05-05,88.95,91.26,75.9,8.83,High,4703.22,2024-11-04 12:19:02,0
A0395,North Robinshire,45.46,0.84,2023-08-29,93.86,65.54,78.07,1.65,Low,4333.82,2023-01-02 08:28:12,0
A0396,East Stephanie,30.15,4.39,2023-09-12,88.21,85.99,96.67,9.52,Low,5958.33,2024-05-31 18:58:48,1
A0397,New Scott,20.08,1.7,2024-10-10,92.95,91.89,96.2,9.37,High,6835.68,2023-05-06 07:25:34,1
A0398,West Jenniferville,29.94,4.79,2024-04-22,79.31,94.21,87.39,3.16,Low,5870.86,2024-08-02 15:55:35,1
A0399,South Anthony,25.92,2.14,2024-11-01,54.4,81.2,79.91,8.36,Medium,4150.75,2024-12-15 22:26:19,0
A0400,Johnberg,29.81,3.79,2024-07-13,62.73,84.7,71.93,8.74,Medium,5977.43,2024-10-08 03:58:10,0
A0401,Garciafort,32.83,3.57,2024-04-07,84.33,68.09,95.36,9.71,Low,4671.08,2023-02-16 23:20:13,0
A0402,Aprilbury,48.82,2.96,2024-02-22,84.6,94.91,71.23,4.75,Low,5040.57,2023-07-25 01:46:36,0
A0403,Sandovalburgh,23.52,1.34,2023-04-24,78.21,61.13,95.21,6.07,High,6324.82,2023-07-01 21:45:52,0
A0404,New Martintown,30.66,1.28,2023-07-10,90.69,84.2,88.43,5.91,High,3463.57,2024-08-04 11:40:32,1
A0405,Port Devin,33.66,1.2,2023-07-23,86.59,89.27,75.44,7.68,High,4934.86,2024-04-03 03:58:48,0
A0406,Melissabury,43.44,0.39,2023-08-31,87.33,71.68,75.36,6.1,Medium,5618.26,2024-09-22 11:14:40,0
A0407,New James,23.45,3.4,2023-11-06,62.7,86.1,73.0,9.49,Medium,3925.49,2024-04-05 08:19:54,0
A0408,Port Kristinside,20.08,3.52,2024-07-21,93.65,91.18,89.24,3.74,High,3023.17,2023-01-03 13:05:35,1
A0409,West Whitney,44.57,3.22,2024-09-13,95.48,83.09,75.3,9.7,High,4435.78,2023-07-02 17:06:11,0
A0410,North Rebeccaland,29.98,0.7,2024-06-14,72.88,69.3,82.29,5.97,Medium,6376.51,2024-01-05 09:21:59,0
A0411,Debraport,37.48,4.55,2023-03-03,97.46,74.76,94.84,2.42,Low,4123.63,2023-03-28 09:55:46,1
A0412,Cynthiaburgh,37.56,4.35,2023-10-03,88.21,81.48,76.94,4.24,Medium,6733.69,2024-06-14 03:41:41,0
A0413,Hostad,27.43,0.67,2023-10-04,58.44,63.98,89.86,8.55,Low,5144.45,2024-08-31 12:00:44,0
A0414,New Jacquelineburgh,22.3,4.12,2024-02-02,69.96,78.6,75.81,5.69,High,4670.6,2024-06-21 02:25:25,0
A0415,Kathleenview,26.33,3.05,2024-01-22,76.36,76.7,72.68,3.69,Medium,3442.91,2024-08-27 22:59:42,0
A0416,Port Jesse,42.27,0.84,2024-07-13,68.97,78.98,95.47,8.33,Medium,5748.01,2024-06-20 23:33:09,1
A0417,Royton,32.31,0.69,2023-10-22,80.13,92.52,91.91,9.46,Medium,3098.68,2024-06-06 01:06:39,1
A0418,Lake Dorothy,31.72,0.88,2024-10-12,57.71,92.22,72.76,1.99,High,6353.08,2024-04-10 21:15:03,0
A0419,Andrewbury,42.96,3.93,2024-11-10,60.09,80.51,88.92,0.32,Low,5074.87,2024-10-11 19:01:42,1
A0420,Thomasfort,41.44,4.93,2024-07-26,50.24,69.3,91.4,1.57,Medium,4603.99,2023-07-03 02:05:17,0
A0421,East David,36.24,2.88,2023-05-12,54.48,73.77,77.71,3.21,Medium,6899.23,2024-08-11 09:39:53,0
A0422,Port Zacharyland,36.63,4.24,2023-11-24,73.19,83.26,84.89,7.73,Medium,5712.75,2023-10-22 16:48:48,1
A0423,New Rebeccaburgh,21.6,0.28,2023-05-12,88.48,91.59,81.55,3.47,Low,4556.02,2024-01-29 02:49:32,1
A0424,Alexandermouth,42.51,4.91,2024-03-17,77.03,92.4,86.65,0.68,Medium,4062.72,2024-10-12 06:20:36,1
A0425,Garrettville,47.81,4.05,2023-12-31,59.88,91.18,72.75,3.19,High,4321.2,2024-05-17 09:53:27,0
A0426,Terryview,45.47,0.12,2023-07-03,73.99,88.2,86.13,9.94,High,3225.64,2023-01-02 11:51:24,1
A0427,Dianeborough,47.58,2.54,2024-03-19,58.36,91.94,96.29,0.71,High,5892.7,2023-08-21 08:42:18,2
A0428,Weisschester,37.04,0.97,2024-05-21,55.64,83.63,85.89,0.54,Low,6256.86,2023-11-03 23:38:02,1
A0429,Andersonville,24.81,3.93,2023-09-24,51.37,77.75,78.03,1.17,High,4066.05,2023-09-15 21:26:52,0
A0430,North Amanda,38.8,2.67,2024-11-29,63.96,69.15,75.06,2.85,Low,3042.38,2024-12-07 16:19:33,0
A0431,North Zachary,23.43,2.12,2023-04-21,81.31,64.73,97.67,2.29,Medium,3625.03,2023-05-02 13:08:53,0
A0432,New Maria,45.66,0.54,2023-02-06,94.54,77.07,93.33,4.2,High,6969.65,2024-05-24 14:36:34,1
A0433,East Destiny,38.57,1.87,2024-08-25,94.22,82.57,92.65,9.75,Low,4517.83,2024-05-23 15:15:04,1
A0434,Vickieville,41.11,3.16,2023-02-03,79.25,87.58,75.72,0.65,Low,6961.43,2024-01-29 19:33:12,0
A0435,Port Jerryland,31.17,0.51,2023-01-13,69.04,60.83,81.03,6.7,High,5648.01,2024-04-15 22:31:28,0
A0436,Stephensmouth,41.27,4.14,2023-01-24,63.1,80.0,73.94,8.96,Low,4685.81,2024-04-12 22:34:50,0
A0437,Carrieborough,22.08,0.91,2023-06-11,54.64,81.64,75.91,0.46,Low,4013.75,2023-08-26 02:17:25,0
A0438,North Hannahfurt,46.24,1.22,2024-05-30,95.74,86.47,89.86,1.52,Medium,6336.47,2024-06-07 12:56:36,1
A0439,Jeremyside,44.17,0.6,2023-12-02,58.37,77.9,89.28,8.21,Low,6668.64,2024-02-27 08:03:01,1
A0440,West Ronaldfurt,43.32,1.3,2024-10-01,85.66,73.91,81.65,7.8,Medium,4213.73,2023-07-04 10:04:21,1
A0441,North Dennis,49.07,4.22,2023-07-27,51.65,88.85,70.9,1.17,Low,5260.8,2024-07-26 09:52:05,0
A0442,Thomasmouth,43.37,1.11,2024-10-13,87.48,61.75,71.22,8.44,Medium,3127.94,2023-02-19 22:21:29,0
A0443,Angelashire,33.76,1.48,2023-08-12,90.19,91.0,90.32,3.48,Low,5090.93,2024-01-26 09:48:32,1
A0444,Jamesport,42.4,0.62,2023-04-06,50.85,84.49,85.33,3.8,Low,6996.6,2024-07-10 08:38:59,1
A0445,North Arielstad,45.36,0.95,2024-09-03,50.12,93.85,97.12,8.16,Low,4762.31,2023-03-24 17:50:39,1
A0446,North Danielhaven,21.17,1.0,2023-04-27,66.68,75.53,96.6,5.14,High,6902.61,2023-03-12 14:33:53,1
A0447,Angelborough,21.08,3.54,2023-05-03,84.69,81.42,97.9,2.62,High,5558.49,2024-04-30 03:10:46,1
A0448,Lake Edwardfort,47.54,3.68,2023-02-24,75.52,63.6,87.92,4.61,Low,3753.12,2023-05-21 01:24:55,0
A0449,East Markfurt,42.31,4.98,2023-08-23,88.42,60.41,96.84,9.49,Medium,3404.12,2024-12-01 17:01:13,0
A0450,Tylerfurt,23.8,0.84,2023-12-01,52.99,67.99,90.5,7.12,Low,4053.01,2023-02-03 22:39:49,0
A0451,Port Karenport,22.32,3.46,2024-02-25,70.72,91.17,76.0,9.03,Low,6997.64,2024-01-23 07:33:53,0
A0452,Anitatown,48.78,1.16,2024-07-11,51.93,68.81,92.54,6.61,High,3797.96,2024-06-28 14:57:16,0
A0453,Bradleyland,32.09,3.49,2024-01-29,78.01,89.74,81.24,9.34,Low,3545.31,2024-04-20 08:23:18,1
A0454,Pinedatown,47.98,1.97,2023-11-01,90.86,63.73,71.36,9.98,Low,6900.43,2023-03-14 06:54:59,0
A0455,Lake Kyle,36.64,3.47,2024-12-19,78.39,80.18,92.68,2.58,Low,4545.88,2024-08-20 09:51:04,1
A0456,Johnfurt,30.97,3.92,2024-01-17,74.75,78.45,91.32,5.55,High,3109.55,2023-10-14 16:30:08,1
A0457,Port Annette,28.14,3.56,2024-09-11,62.86,94.59,90.52,3.95,Medium,5185.47,2024-10-10 17:41:06,1
A0458,East Kim,26.68,0.41,2024-09-16,82.83,63.47,86.11,1.44,Medium,6464.89,2024-03-12 07:51:09,0
A0459,West Mark,25.73,2.88,2023-03-28,95.86,77.81,83.41,0.94,High,6417.79,2023-12-09 10:46:24,1
A0460,New Patrickview,36.98,2.8,2023-03-07,50.05,92.32,88.9,0.17,Medium,3413.34,2024-03-24 20:32:28,1
A0461,New Angela,28.41,1.43,2024-02-18,98.9,82.91,93.12,0.29,Low,4311.16,2023-01-25 02:21:04,1
A0462,Brooksmouth,20.85,2.92,2023-11-04,91.21,65.1,95.6,0.61,Low,5741.71,2023-06-24 09:46:31,0
A0463,Lake Rachelfort,39.22,1.05,2024-11-03,93.87,66.16,87.67,0.63,Medium,4277.79,2024-07-15 18:38:45,0
A0464,South Christineside,49.0,3.15,2024-04-15,60.38,82.0,87.53,9.17,High,5825.14,2023-09-17 07:15:06,1
A0465,North Michelle,20.32,4.99,2023-08-07,86.94,88.38,79.43,7.37,High,5751.65,2024-12-28 11:47:45,0
A0466,East Eric,38.28,2.06,2024-03-02,72.68,84.71,84.02,1.28,High,6192.75,2023-04-28 10:20:10,1
A0467,South Deborahmouth,47.49,4.71,2024-12-27,94.63,83.29,97.41,4.34,Low,3592.52,2024-12-30 00:43:18,1
A0468,Taylorburgh,46.34,0.37,2023-02-17,74.78,83.64,89.06,4.08,Medium,6437.7,2024-04-26 18:54:56,1
A0469,Rodriguezville,23.38,1.75,2023-10-17,55.97,92.06,76.8,7.86,Medium,6313.69,2023-02-22 04:04:03,0
A0470,New Rodneyshire,35.22,0.2,2024-09-05,97.16,85.57,96.34,7.26,Medium,4552.95,2023-02-15 01:36:49,1
A0471,New Dennis,39.5,0.96,2024-01-17,90.48,90.76,82.52,5.16,High,6682.25,2023-09-15 05:56:10,1
A0472,New Barbara,35.58,3.96,2024-04-20,73.73,82.24,84.25,0.99,Low,4524.5,2024-12-19 04:39:44,1
A0473,Bergerton,31.44,4.4,2024-04-01,53.52,82.92,83.95,1.25,Medium,5840.14,2023-02-20 16:42:04,1
A0474,Martinmouth,33.41,1.21,2024-02-25,67.41,60.9,97.51,1.92,Medium,3583.47,2023-02-27 20:05:36,0
A0475,West Melissa,38.18,2.27,2023-09-09,93.07,61.02,81.69,6.27,Low,3688.11,2024-06-22 22:02:54,0
A0476,Lake Donaldshire,40.92,3.39,2023-08-24,58.16,91.21,90.66,1.57,Medium,3206.71,2024-05-04 02:33:31,2
A0477,South Josephfort,38.0,1.83,2023-08-04,55.25,71.76,79.99,7.69,Medium,4807.26,2024-12-16 01:47:43,0
A0478,Gilbertmouth,48.97,2.86,2023-10-29,72.54,91.93,77.52,2.29,Medium,5334.78,2024-10-11 09:09:49,0
A0479,Sandraland,34.78,2.14,2023-01-16,64.66,81.67,96.56,6.75,High,3918.23,2024-11-02 09:44:11,1
A0480,South Brianna,37.74,2.66,2023-02-01,60.45,60.16,96.12,4.62,High,4518.81,2023-12-13 23:10:31,0
A0481,East Hollytown,41.28,3.07,2023-12-15,66.7,90.71,80.92,4.76,High,6699.43,2024-01-09 11:53:35,1
A0482,Mcgrathtown,40.59,4.02,2024-02-16,90.83,71.69,74.01,2.43,High,5315.11,2023-10-06 18:13:56,0
A0483,Amybury,43.71,4.87,2023-07-16,57.26,92.29,78.55,2.81,Medium,4759.3,2024-07-05 00:33:44,0
A0484,Morrisonside,27.66,0.72,2024-05-13,63.75,80.0,72.47,7.47,Medium,6112.98,2024-09-17 08:39:05,0
A0485,New Christopherberg,38.37,0.76,2024-01-31,58.98,66.35,77.55,9.24,Medium,6014.73,2024-10-18 12:41:23,0
A0486,Gillespieburgh,20.76,1.33,2023-06-26,98.57,77.29,85.0,7.78,High,6626.33,2024-01-09 01:01:15,1
A0487,Lake Hannahfurt,26.34,4.6,2024-03-15,88.37,74.34,82.67,8.24,Low,4182.44,2024-07-03 06:35:57,1
A0488,East Joshua,21.16,2.93,2024-05-18,86.75,76.26,95.32,4.18,Low,4217.32,2023-12-17 20:32:28,1
A0489,South Vincent,30.52,2.62,2024-11-03,88.8,89.68,91.85,4.07,Low,4923.89,2023-04-19 22:09:31,1
A0490,East Stephentown,44.99,0.96,2024-05-09,85.25,83.18,76.18,1.08,High,6596.76,2023-11-11 03:28:33,0
A0491,Kaitlynport,47.99,0.82,2023-12-20,51.04,71.47,90.02,4.36,Low,4079.06,2024-04-02 10:25:14,1
A0492,Lake Jeffreybury,20.59,1.13,2024-01-12,75.79,85.11,88.68,8.02,Medium,5876.44,2023-07-24 13:47:33,1
A0493,East John,49.26,1.89,2023-11-29,70.81,73.28,94.35,8.12,High,4139.57,2024-08-18 03:59:21,1
A0494,Rileymouth,44.18,3.0,2023-08-26,78.69,91.22,85.97,5.73,Low,4599.77,2023-10-10 09:02:37,1
A0495,Hensonland,32.97,0.03,2024-09-24,72.47,89.11,87.19,1.62,Low,3649.5,2024-07-08 16:05:23,1
A0496,Jenningsmouth,32.63,1.71,2024-09-28,63.54,62.76,86.4,2.65,High,6405.58,2023-08-22 20:55:56,0
A0497,North Jessicaborough,20.27,4.97,2023-07-25,97.79,89.01,87.65,9.67,Medium,6099.97,2024-05-14 00:18:53,1
A0498,Rodriguezfurt,37.53,3.61,2024-04-08,68.47,72.19,94.53,6.71,Medium,3392.5,2023-08-29 16:42:56,1
A0499,South Davidside,22.81,1.92,2024-05-01,50.01,74.44,85.51,3.54,Low,6606.65,2024-11-17 03:52:21,1
A0500,Rodriguezland,38.75,1.85,2023-03-10,65.03,86.63,71.73,3.13,High,3205.76,2024-11-30 12:16:14,0
